TABLE, Format,State,Instruction,Plane,Op Code,Operation,XBUS,YBUS,ALU X,ALU Y,ZBUS SEL,SR,ARITH,ARITH SR,CARRYIN EN,LOGIC,LOGIC SR,SHIFT,MANIP,ZBUS,WBUS,PC,IF ADDY,Latch S_MAC,PR,IF ISSUE,DISPATCH,DEBUG,MAC STAGE,MAC BUSY,MAC OP,MAC STALL SENSE,MACIN_1,MACIN_2,MACH,MACL,EVENT,HALT,DELAY JMP,ILEVEL CAPTURE,MA OP,MA MASK,MA SIZE,MA DATA,MA ADDY,MA LOCK,MASK INT,COPROC CMD,DATA MUX
,,,,,,,,,,,,,,,,,,,,,,,,,,,,,,,,,,,,,,,,,,,,,,,,,
A.23,0,1,CLRT,,0000 0000 0000 1000,0 -> T,,,,,,T=0,,,,,,,,,,INC,,,,,,,,,,,,,,,,,,,,,,,,,,,
A.23,0,1,CLRMAC,,0000 0000 0010 1000 ,"0 -> MACH, MACL",TEMP1,TEMP1,,,LOGIC,,,,,XOR,,,,,,INC,,,,,,,EX,,,Y,ZBUS,ZBUS,LOAD,LOAD,,,,,,,,,,,,,
A.23,0,1,DIV0U,,0000 0000 0001 1001,0 -> M/Q/T,,,,,,DIV0U,,,,,,,,,,INC,,,,,,,,,,,,,,,,,,,,,,,,,,,
A.23,0,1,NOP,,0000 0000 0000 1001,no operation,,,,,,,,,,,,,,,,INC,,,,,,,,,,,,,,,,,,,,,,,,,,,
A.23,0,4,RTE,,0000 0000 0010 1011,"Delayed branch, stack -> PC/SR",R15,,,4,ARITH,,ADD,,,,,,,R15,,INC,,,,,,,,,,,,,,,,,,,READ,,32,,XBUS,,,,
,,,RTE,,0000 0000 0010 1011,,R15,,,4,ARITH,W,ADD,,,,,,,R15,SR,HOLD,,,,,,,,,,,,,,,,,,,READ,,32,,XBUS,,,,
,,,RTE,,0000 0000 0010 1011,,,,,,W,,,,,,,,,PC,,HOLD,,,,,,,,,,,,,,,,,,,,,,,,,,,
,,,RTE,,0000 0000 0010 1011,,,,,,,,,,,,,,,,,HOLD,ZBUS,,,,,,,,,,,,,,,,SET,,,,,,,,,,
A.23,0,2,RTS,,0000 0000 0000 1011,"Delayed branch, PR -> PC",,PR,,,Y,,,,,,,,,PC,,HOLD,,,,,,,,,,,,,,,,,,,,,,,,,,,
,,,RTS,,0000 0000 0000 1011,,,,,,,,,,,,,,,,,HOLD,ZBUS,,,,,,,,,,,,,,,,SET,,,,,,,,,,
A.23,0,1,SETT,,0000 0000 0001 1000,1 -> T,,,,,,T=1,,,,,,,,,,INC,,,,,,,,,,,,,,,,,,,,,,,,,,,
A.23,0,4,SLEEP,,0000 0000 0001 1011,Sleep,,,,,,,,,,,,,,,,HOLD,,,,,,,,,,,,,,,,,,,,,,,,,,,
,,,SLEEP,,0000 0000 0001 1011,,,,,,,,,,,,,,,,,HOLD,,,,,,,,,,,,,,,,SET,,,,,,,,,,,
,,,SLEEP,,0000 0000 0001 1011,,,,,,,,,,,,,,,,,HOLD,,,,,,,,,,,,,,,,,,,,,,,,,,,
,,,SLEEP,,0000 0000 0001 1011,,,,,,,,,,,,,,,,,INC,,,,,,,,,,,,,,,,,,,,,,,,,,,
,,,BGND,,0000 0000 0011 1011,background,,,,,,,,,,,,,,,,INC,,,,,,YES,,,,,,,,,,,,,,,,,,,,,
,,,,,,,,,,,,,,,,,,,,,,,,,,,,,,,,,,,,,,,,,,,,,,,,,
A.24,n,1,CMP/PL Rn,,0100 nnnn 0001 0101,"Rn > 0, 1 -> T",Rn,0,,,,ARITH,SUB,s>,,,,,,,,INC,,,,,,,,,,,,,,,,,,,,,,,,,,,
A.24,n,1,CMP/PZ Rn,,0100 nnnn 0001 0001,"Rn ? 0, 1?T",Rn,0,,,,ARITH,SUB,s>=,,,,,,,,INC,,,,,,,,,,,,,,,,,,,,,,,,,,,
A.24,n,1,DT Rn,,0100 nnnn 0001 0000,"Rn-1 ?Rn; If Rn is 0, 1 ? T, if Rn is nonzero, 0 ? T",Rn,1,,,ARITH,ARITH,SUB,ZERO,,,,,,Rn,,INC,,,,,,,,,,,,,,,,,,,,,,,,,,,
A.24,n,1,MOVT Rn,,0000 nnnn 0010 1001,T?Rn,1,SR,,,LOGIC,,,,,AND,,,,Rn,,INC,,,,,,,,,,,,,,,,,,,,,,,,,,,
A.24,n,1,ROTL Rn,,0100 nnnn 0000 0100,T?Rn?MSB,Rn,1,,,SHIFT,SHIFT,,,,,,ROTATE,,Rn,,INC,,,,,,,,,,,,,,,,,,,,,,,,,,,
A.24,n,1,ROTR Rn,,0100 nnnn 0000 0101,LSB?Rn?T,Rn,-1,,,SHIFT,SHIFT,,,,,,ROTATE,,Rn,,INC,,,,,,,,,,,,,,,,,,,,,,,,,,,
A.24,n,1,ROTCL Rn,,0100 nnnn 0010 0100,T?Rn?T,Rn,1,,,SHIFT,SHIFT,,,,,,ROTATEC,,Rn,,INC,,,,,,,,,,,,,,,,,,,,,,,,,,,
A.24,n,1,ROTCR Rn,,0100 nnnn 0010 0101,T?Rn?T,Rn,-1,,,SHIFT,SHIFT,,,,,,ROTATEC,,Rn,,INC,,,,,,,,,,,,,,,,,,,,,,,,,,,
A.24,n,1,SHAL Rn,,0100 nnnn 0010 0000,T?Rn?0,Rn,1,,,SHIFT,SHIFT,,,,,,SHIFTL,,Rn,,INC,,,,,,,,,,,,,,,,,,,,,,,,,,,
A.24,n,1,SHAR Rn ,,0100 nnnn 0010 0001,MSB?Rn?T,Rn,-1,,,SHIFT,SHIFT,,,,,,SHIFTA,,Rn,,INC,,,,,,,,,,,,,,,,,,,,,,,,,,,
A.24,n,1,SHLL Rn,,0100 nnnn 0000 0000 ,T?Rn?0,Rn,1,,,SHIFT,SHIFT,,,,,,SHIFTL,,Rn,,INC,,,,,,,,,,,,,,,,,,,,,,,,,,,
A.24,n,1,SHLR Rn,,0100 nnnn 0000 0001,0?Rn?T,Rn,-1,,,SHIFT,SHIFT,,,,,,SHIFTL,,Rn,,INC,,,,,,,,,,,,,,,,,,,,,,,,,,,
A.24,n,1,SHLL2 Rn,,0100 nnnn 0000 1000,Rn<<2 ? Rn,Rn,2,,,SHIFT,,,,,,,SHIFTL,,Rn,,INC,,,,,,,,,,,,,,,,,,,,,,,,,,,
A.24,n,1,SHLR2 Rn,,0100 nnnn 0000 1001,Rn>>2 ? Rn,Rn,-2,,,SHIFT,,,,,,,SHIFTL,,Rn,,INC,,,,,,,,,,,,,,,,,,,,,,,,,,,
A.24,n,1,SHLL8 Rn,,0100 nnnn 0001 1000,Rn<<8 ? Rn,Rn,8,,,SHIFT,,,,,,,SHIFTL,,Rn,,INC,,,,,,,,,,,,,,,,,,,,,,,,,,,
A.24,n,1,SHLR8 Rn,,0100 nnnn 0001 1001,Rn>>8 ? Rn,Rn,-8,,,SHIFT,,,,,,,SHIFTL,,Rn,,INC,,,,,,,,,,,,,,,,,,,,,,,,,,,
A.24,n,1,SHLL16 Rn,,0100 nnnn 0010 1000,Rn<<16 ? Rn,Rn,16,,,SHIFT,,,,,,,SHIFTL,,Rn,,INC,,,,,,,,,,,,,,,,,,,,,,,,,,,
A.24,n,1,SHLR16 Rn,,0100 nnnn 0010 1001,Rn>>16 ? Rn,Rn,-16,,,SHIFT,,,,,,,SHIFTL,,Rn,,INC,,,,,,,,,,,,,,,,,,,,,,,,,,,
,,,,,,,,,,,,,,,,,,,,,,,,,,,,,,,,,,,,,,,,,,,,,,,,,
A.25,n,1,"STC SR, Rn",,0000 nnnn 0000 0010,SR?Rn,,SR,,,Y,,,,,,,,,Rn,,INC,,,,,,,,,,,,,,,,,,,,,,,,,YES,,
A.25,n,1,"STC GBR, Rn",,0000 nnnn 0001 0010,GBR?Rn,,GBR,,,Y,,,,,,,,,Rn,,INC,,,,,,,,,,,,,,,,,,,,,,,,,YES,,
A.25,n,1,"STC VBR, Rn",,0000 nnnn 0010 0010,VBR?Rn,,VBR,,,Y,,,,,,,,,Rn,,INC,,,,,,,,,,,,,,,,,,,,,,,,,YES,,
A.25,n,1,"STS MACH, Rn",,0000 nnnn 0000 1010,MACH?Rn,,MACH,,,Y,,,,,,,,,Rn,,INC,,,,,,,,,,Y,,,,,,,,,,,,,,,YES,,
A.25,n,1,"STS MACL, Rn",,0000 nnnn 0001 1010,MACL?Rn,,MACL,,,Y,,,,,,,,,Rn,,INC,,,,,,,,,,Y,,,,,,,,,,,,,,,YES,,
A.25,n,1,"STS PR, Rn",,0000 nnnn 0010 1010,PR?Rn,,PR,,,Y,,,,,,,,,Rn,,INC,,,,,,,,,,,,,,,,,,,,,,,,,YES,,
,,,,,,,,,,,,,,,,,,,,,,,,,,,,,,,,,,,,,,,,,,,,,,,,,
A.26,n,4,TAS.B @Rn,,0100 nnnn 0001 1011,"When (Rn) is 0, 1 ? T, 1 ? MSB of (Rn)",Rn,,,,,,,,,,,,,,TEMP0,HOLD,,,,,,,,,,,,,,,,,,,READ,,8,,XBUS,Y,,,
,,,TAS.B @Rn,,0100 nnnn 0001 1011,,,,,,,,,,,,,,,,,HOLD,,,,,,,,,,,,,,,,,,,,,,,,Y,,,
,,,TAS.B @Rn,,0100 nnnn 0001 1011,,Rn,TEMP0,zero,,MANIP,ARITH,ADD,ZERO,,,,,SET B7,,,HOLD,,,,,,,,,,,,,,,,,,,WRITE,,8,ZBUS,XBUS,Y,,,
,,,TAS.B @Rn,,0100 nnnn 0001 1011,,,,,,,,,,,,,,,,,INC,,,,,,,,,,,,,,,,,,,,,,,,,,,
,,,,,,,,,,,,,,,,,,,,,,,,,,,,,,,,,,,,,,,,,,,,,,,,,
A.27,n,2,"STC.L SR, @-Rn",,0100 nnnn 0000 0011,"Rn–4 ?Rn,SR ?(Rn)",Rn,SR,,4,ARITH,,SUB,,,,,,,Rn,,HOLD,,,,,,,,,,,,,,,,,,,WRITE,,32,YBUS,ZBUS,,,,
,,,"STC.L SR, @-Rn",,0100 nnnn 0000 0011,,,,,,,,,,,,,,,,,INC,,,,,,,,,,,,,,,,,,,,,,,,,YES,,
A.27,n,2,"STC.L GBR, @-Rn",,0100 nnnn 0001 0011,"Rn–4 ?Rn,GBR ?(Rn)",Rn,GBR,,4,ARITH,,SUB,,,,,,,Rn,,HOLD,,,,,,,,,,,,,,,,,,,WRITE,,32,YBUS,ZBUS,,,,
,,,"STC.L GBR, @-Rn",,0100 nnnn 0001 0011,,,,,,,,,,,,,,,,,INC,,,,,,,,,,,,,,,,,,,,,,,,,YES,,
A.27,n,2,"STC.L VBR, @-Rn",,0100 nnnn 0010 0011,"Rn – 4 ? Rn, VBR ? (Rn)",Rn,VBR,,4,ARITH,,SUB,,,,,,,Rn,,HOLD,,,,,,,,,,,,,,,,,,,WRITE,,32,YBUS,ZBUS,,,,
,,,"STC.L VBR, @-Rn",,0100 nnnn 0010 0011,,,,,,,,,,,,,,,,,INC,,,,,,,,,,,,,,,,,,,,,,,,,YES,,
A.27,n,1,"STS.L MACH, @-Rn",,0100 nnnn 0000 0010,"Rn – 4 ? Rn, MACH ? (Rn)",Rn,MACH,,4,ARITH,,SUB,,,,,,,Rn,,INC,,,,,,,,,,Y,,,,,,,,,WRITE,,32,YBUS,ZBUS,,YES,,
A.27,n,1,"STS.L MACL, @-Rn",,0100 nnnn 0001 0010,"Rn–4?Rn,MACL?(Rn)",Rn,MACL,,4,ARITH,,SUB,,,,,,,Rn,,INC,,,,,,,,,,Y,,,,,,,,,WRITE,,32,YBUS,ZBUS,,YES,,
A.27,n,1,"STS.L PR, @-Rn",,0100 nnnn 0010 0010,"Rn–4?Rn,PR?(Rn)",Rn,PR,,4,ARITH,,SUB,,,,,,,Rn,,INC,,,,,,,,,,,,,,,,,,,WRITE,,32,YBUS,ZBUS,,YES,,
,,,,,,,,,,,,,,,,,,,,,,,,,,,,,,,,,,,,,,,,,,,,,,,,,
,,,"STS CP0_COM, Rn",,0100 nnnn 1100 1000,CP0_COM?Rn,,,,,,,,,,,,,,,Rn,INC,,,,,,,,,,,,,,,,,,,,,,,,,,STS,COPROC
,,,"CSTS CP0_COM, CP0_Rn",,0100 nnnn 1100 1001,CP0_COM?CP0_Rn,,,,,,,,,,,,,,,,INC,,,,,,,,,,,,,,,,,,,,,,,,,,CSTS,
,,,"STS CPI_COM, Rn",,0000 nnnn 0101 1010,CPI_COM?Rn,,,,,,,,,,,,,,,Rn,INC,,,,,,,,,,,,,,,,,,,,,,,,,,STS,COPROC
,,,"CSTS CPI_COM, CPI_Rn",,1111 nnnn 0000 1101,CPI_COM?CPI_Rn,,,,,,,,,,,,,,,,INC,,,,,,,,,,,,,,,,,,,,,,,,,,CSTS,
,,,,,,,,,,,,,,,,,,,,,,,,,,,,,,,,,,,,,,,,,,,,,,,,,
A.28,m,1,"LDC Rm, SR",,0100 mmmm 0000 1110,Rm ? SR,,Rm,,,Y,Z,,,,,,,,SR,,INC,,,,,,,,,,,,,,,,,,,,,,,,,YES,,
A.28,m,1,"LDC, Rm, GBR",,0100 mmmm 0001 1110,Rm ? GBR ,,Rm,,,Y,,,,,,,,,GBR,,INC,,,,,,,,,,,,,,,,,,,,,,,,,YES,,
A.28,m,1,"LDC Rm, VBR",,0100 mmmm 0010 1110,Rm ? VBR ,,Rm,,,Y,,,,,,,,,VBR,,INC,,,,,,,,,,,,,,,,,,,,,,,,,YES,,
A.28,m,1,"LDS Rm, MACH",,0100 mmmm 0000 1010,Rm? MACH ,,Rm,,,Y,,,,,,,,,,,INC,,,,,,,EX,,,Y,ZBUS,,LOAD,,,,,,,,,,,,YES,,
A.28,m,1,"LDS Rm, MACL",,0100 mmmm 0001 1010,Rm ? MACL,,Rm,,,Y,,,,,,,,,,,INC,,,,,,,EX,,,Y,,ZBUS,,LOAD,,,,,,,,,,,YES,,
A.28,m,1,"LDS Rm, PR",,0100 mmmm 0010 1010,Rm ? PR,,Rm,,,Y,,,,,,,,,PR,,INC,,,,,,,,,,,,,,,,,,,,,,,,,YES,,
,,,,,,,,,,,,,,,,,,,,,,,,,,,,,,,,,,,,,,,,,,,,,,,,,
A.29,m,2,JMP @Rm,,0100 mmmm 0010 1011,Rm ? PC,Rm,,,0,ARITH,,ADD,,,,,,,PC,,INC,,,,,,,,,,,,,,,,,,,,,,,,,,,
,,,JMP @Rm,,0100 mmmm 0010 1011,,,,,,,,,,,,,,,,,HOLD,ZBUS,,,,,,,,,,,,,,,,SET,,,,,,,,,,
A.29,m,2,JSR @Rm,,0100 mmmm 0000 1011,"PC ? PR, Rm ? PC",Rm,,,0,ARITH,,ADD,,,,,,,PC,,INC,,,RD PC,,,,,,,,,,,,,,,,,,,,,,,,
,,,JSR @Rm,,0100 mmmm 0000 1011,,,,,,,,,,,,,,,,,HOLD,ZBUS,,,,,,,,,,,,,,,,SET,,,,,,,,,,
,,,,,,,,,,,,,,,,,,,,,,,,,,,,,,,,,,,,,,,,,,,,,,,,,
A.30,m,3,"LDC.L @Rm+, SR",,0100 mmmm 0000 0111,"(Rm)?SR,Rm+4?Rm",Rm,,,,,W,,,,,,,,,SR,HOLD,,,,,,,,,,,,,,,,,,,READ,,32,,XBUS,,,,
,,,"LDC.L @Rm+, SR",,0100 mmmm 0000 0111,,Rm,,,4,ARITH,,ADD,,,,,,,Rm,,HOLD,,,,,,,,,,,,,,,,,,,,,,,,,,,
,,,"LDC.L @Rm+, SR",,0100 mmmm 0000 0111,,,,,,,,,,,,,,,,,INC,,,,,,,,,,,,,,,,,,,,,,,,,YES,,
A.30,m,3,"LDC.L @Rm+, GBR",,0100 mmmm 0001 0111,"(Rm)?GBR,Rm+4?Rm",Rm,,,,,,,,,,,,,,GBR,HOLD,,,,,,,,,,,,,,,,,,,READ,,32,,XBUS,,,,
,,,"LDC.L @Rm+, GBR",,0100 mmmm 0001 0111,,Rm,,,4,ARITH,,ADD,,,,,,,Rm,,HOLD,,,,,,,,,,,,,,,,,,,,,,,,,,,
,,,"LDC.L @Rm+, GBR",,0100 mmmm 0001 0111,,,,,,,,,,,,,,,,,INC,,,,,,,,,,,,,,,,,,,,,,,,,YES,,
A.30,m,3,"LDC.L @Rm+, VBR",,0100 mmmm 0010 0111,"(Rm)?VBR,Rm+4?Rm",Rm,,,,,,,,,,,,,,VBR,HOLD,,,,,,,,,,,,,,,,,,,READ,,32,,XBUS,,,,
,,,"LDC.L @Rm+, VBR",,0100 mmmm 0010 0111,,Rm,,,4,ARITH,,ADD,,,,,,,Rm,,HOLD,,,,,,,,,,,,,,,,,,,,,,,,,,,
,,,"LDC.L @Rm+, VBR",,0100 mmmm 0010 0111,,,,,,,,,,,,,,,,,INC,,,,,,,,,,,,,,,,,,,,,,,,,YES,,
A.30,m,1,"LDS.L @Rm+, MACH",,0100 mmmm 0000 0110,"(Rm)?MACH,Rm+4?Rm",Rm,,,4,ARITH,,ADD,,,,,,,Rm,,INC,,,,,,,WB,NOT STALL,,Y,WBUS,,LOAD,,,,,,READ,,32,,XBUS,,YES,,
A.30,m,1,"LDS.L @Rm+, MACL",,0100 mmmm 0001 0110,"(Rm)?MACL,Rm+4?Rm",Rm,,,4,ARITH,,ADD,,,,,,,Rm,,INC,,,,,,,WB,NOT STALL,,Y,,WBUS,,LOAD,,,,,READ,,32,,XBUS,,YES,,
A.30,m,1,"LDS.L @Rm+, PR",,0100 mmmm 0010 0110,"(Rm)?PR,Rm+4?Rm",Rm,,,,,,,,,,,,,,PR,HOLD,,,,,,,,,,,,,,,,,,,READ,,32,,XBUS,,YES,,
A.30,m,1,"LDS.L @Rm+, PR",,0100 mmmm 0010 0110,,Rm,,,4,ARITH,,ADD,,,,,,,Rm,,INC,,,,,,,,,,,,,,,,,,,,,,,,,YES,,
,,,,,,,,,,,,,,,,,,,,,,,,,,,,,,,,,,,,,,,,,,,,,,,,,
,,,"LDS Rm, CP0_COM",,0100 mmmm 1000 1000,Rm ? CP0_COM,,Rm,,,Y,,,,,,,,,,,INC,,,,,,,,,,,,,,,,,,,,,,,,,YES,LDS,
,,,"CLDS CP0_Rm, CP0_COM",,0100 mmmm 1000 1001,CP0_Rm ? CP0_COM,,,,,,,,,,,,,,,,INC,,,,,,,,,,,,,,,,,,,,,,,,,YES,CLDS,
,,,"LDS Rm, CPI_COM",,0100 mmmm 0101 1010,Rm ? CPI_COM,,Rm,,,Y,,,,,,,,,,,INC,,,,,,,,,,,,,,,,,,,,,,,,,YES,LDS,
,,,"CLDS CPI_Rm, CPI_COM",,1111 mmmm 0001 1101,CPI_Rm ? CPI_COM,,,,,,,,,,,,,,,,INC,,,,,,,,,,,,,,,,,,,,,,,,,YES,CLDS,
,,,,,,,,,,,,,,,,,,,,,,,,,,,,,,,,,,,,,,,,,,,,,,,,,
A.31,m,2,BRAF Rm,,0000 mmmm 0010 0011,"Delayed branch, Rm + PC ? PC",PC,Rm,,,ARITH,,ADD,,,,,,,PC,,INC,,,,,,,,,,,,,,,,,,,,,,,,,,,
,,,BRAF Rm,,0000 mmmm 0010 0011,,,,,,,,,,,,,,,,,HOLD,ZBUS,,,,,,,,,,,,,,,,SET,,,,,,,,,,
A.31,m,2,BSRF Rm,,0000 mmmm 0000 0011,"Delayed branch, PC ? PR, Rm + PC ? PC",PC,Rm,,,ARITH,,ADD,,,,,,,PC,,INC,,,RD PC,,,,,,,,,,,,,,,,,,,,,,,,
,,,BSRF Rm,,0000 mmmm 0000 0011,,,,,,,,,,,,,,,,,HOLD,ZBUS,,,,,,,,,,,,,,,,SET,,,,,,,,,,
,,,,,,,,,,,,,,,,,,,,,,,,,,,,,,,,,,,,,,,,,,,,,,,,,
A.32,mn,1,"ADD Rm, Rn",,0011 nnnn mmmm 1100,Rn+Rm?Rn,Rn,Rm,,,ARITH,,ADD,,,,,,,Rn,,INC,,,,,,,,,,,,,,,,,,,,,,,,,,,
A.32,mn,1,"ADDC Rm, Rn ",,0011 nnnn mmmm 1110,"Rn + Rm + T ? Rn, carry ?T",Rn,Rm,,,ARITH,CARRY,ADD,,1,,,,,Rn,,INC,,,,,,,,,,,,,,,,,,,,,,,,,,,
A.32,mn,1,"ADDV Rm, Rn ",,0011 nnnn mmmm 1111,"Rn + Rm ? Rn, overflow ?T",Rn,Rm,,,ARITH,ARITH,ADD,OVERUNDERFLOW,,,,,,Rn,,INC,,,,,,,,,,,,,,,,,,,,,,,,,,,
A.32,mn,1,"AND Rm, Rn ",,0010 nnnn mmmm 1001,Rn&Rm?Rn,Rn,Rm,,,LOGIC,,,,,AND,,,,Rn,,INC,,,,,,,,,,,,,,,,,,,,,,,,,,,
A.32,mn,1,"CMP /EQ Rm, Rn",,0011 nnnn mmmm 0000,"When Rn=Rm,1?T",Rn,Rm,,,,LOGIC,,,,XOR,ZERO,,,,,INC,,,,,,,,,,,,,,,,,,,,,,,,,,,
A.32,mn,1,"CMP /HS Rm, Rn",,0011 nnnn mmmm 0010,"When unsigned and Rn ? Rm,1?T",Rn,Rm,,,,ARITH,SUB,>=,,,,,,,,INC,,,,,,,,,,,,,,,,,,,,,,,,,,,
A.32,mn,1,"CMP /GE Rm, Rn",,0011 nnnn mmmm 0011,"When signed and Rn ? Rm,1?T",Rn,Rm,,,,ARITH,SUB,s>=,,,,,,,,INC,,,,,,,,,,,,,,,,,,,,,,,,,,,
A.32,mn,1,"CMP /HI Rm, Rn",,0011 nnnn mmmm 0110,"When unsigned and Rn > Rm,1?T",Rn,Rm,,,,ARITH,SUB,>,,,,,,,,INC,,,,,,,,,,,,,,,,,,,,,,,,,,,
A.32,mn,1,"CMP /GT Rm, Rn",,0011 nnnn mmmm 0111,"When signed and Rn > Rm,1?T",Rn,Rm,,,,ARITH,SUB,s>,,,,,,,,INC,,,,,,,,,,,,,,,,,,,,,,,,,,,
A.32,mn,1,"CMP /STR Rm, Rn",,0010 nnnn mmmm 1100,"When a byte in Rn equals a byte in Rm, 1? T",Rn,Rm,,,,LOGIC,,,,XOR,byte=,,,,,INC,,,,,,,,,,,,,,,,,,,,,,,,,,,
,,,"CAS.L Rm, Rn, @R0",,0010 nnnn mmmm 0011,Rn?TEMP0,,Rn,,,Y,,,,,,,,,TEMP0,,HOLD,,,,,,,,,,,,,,,,,,,,,,,,,,,
,,,"CAS.L Rm, Rn, @R0",,0010 nnnn mmmm 0011,(R0)? Rn,R0,,,,,,,,,,,,,,Rn,HOLD,,,,,,,,,,,,,,,,,,,READ,,32,,XBUS,Y,,,
,,,"CAS.L Rm, Rn, @R0",,0010 nnnn mmmm 0011,"When Rn=Rm,1?T",Rn,Rm,,,,LOGIC,,,,XOR,ZERO,,,,,HOLD,,,,,,,,,,,,,,,,,,,,,,,,Y,,,
,,,"CAS.L Rm, Rn, @R0",,0010 nnnn mmmm 0011,TEMP0 ? (R0),R0,TEMP0,,,,,,,,,,,,,,INC,,,,,,,,,,,,,,,,,,,WRITE,T,32,YBUS,XBUS,Y,,,
A.32,mn,1,"DIV1 Rm, Rn",,0011 nnnn mmmm 0100,1-step division (Rn ÷ Rm),Rn,Rm,ROTCL,,ARITH,ARITH,ADD,DIV1,,,,,,Rn,,INC,,,,,,,,,,,,,,,,,,,,,,,,,,,
A.32,mn,1,"DIV0S Rm, Rn",,0010 nnnn mmmm 0111,"MSB of Rn? Q, MSB of Rm?M,M^Q?T",Rn,Rm,,,,ARITH,ADD,DIV0S,,,,,,,,INC,,,,,,,,,,,,,,,,,,,,,,,,,,,
A.32,mn,1,"DMULS.L Rm, Rn",,0011 nnnn mmmm 1101,"Signed, Rn x Rm, MACH, MACL",Rn,Rm,,,,,,,,,,,,,,INC,,,,,,,EX,NOT STALL,DMULSL,Y,XBUS,YBUS,,,,,,,,,,,,,,,
A.32,mn,1,"DMULU.L Rm, Rn",,0011 nnnn mmmm 0101,"Unsigned, Rn x Rm, MACH, MACL",Rn,Rm,,,,,,,,,,,,,,INC,,,,,,,EX,NOT STALL,DMULUL,Y,XBUS,YBUS,,,,,,,,,,,,,,,
A.32,mn,1,"EXTS.B Rm, Rn",,0110 nnnn mmmm 1110,Sign-extends Rm from byte ? Rn,,Rm,,,MANIP,,,,,,,,ext SB,Rn,,INC,,,,,,,,,,,,,,,,,,,,,,,,,,,
A.32,mn,1,"EXTS.W Rm, Rn",,0110 nnnn mmmm 1111,Sign-extends Rm from word ? Rn,,Rm,,,MANIP,,,,,,,,ext SW,Rn,,INC,,,,,,,,,,,,,,,,,,,,,,,,,,,
A.32,mn,1,"EXTU.B Rm, Rn",,0110 nnnn mmmm 1100,Zero-extends Rm from byte ? Rn,,Rm,,,MANIP,,,,,,,,ext UB,Rn,,INC,,,,,,,,,,,,,,,,,,,,,,,,,,,
A.32,mn,1,"EXTU.W Rm, Rn",,0110 nnnn mmmm 1101,Zero-extends Rm from word ? Rn,,Rm,,,MANIP,,,,,,,,ext UW,Rn,,INC,,,,,,,,,,,,,,,,,,,,,,,,,,,
A.32,mn,1,"MOV Rm, Rn",,0110 nnnn mmmm 0011,Rm?Rn,,Rm,,,Y,,,,,,,,,Rn,,INC,,,,,,,,,,,,,,,,,,,,,,,,,,,
A.32,mn,1,"MUL.L Rm, Rn",,0000 nnnn mmmm 0111,Rn×Rm?MACL,Rn,Rm,,,,,,,,,,,,,,INC,,,,,,,EX,NOT STALL,MULL,Y,XBUS,YBUS,,,,,,,,,,,,,,,
A.32,mn,1+,"MULS.W Rm, Rn",,0010 nnnn mmmm 1111,"Signed, Rn × Rm ? MAC",Rn,Rm,,,,,,,,,,,,,,INC,,,,,,,EX,NOT STALL,MULSW,Y,XBUS,YBUS,,,,,,,,,,,,,,,
A.32,mn,1+,"MULU.W Rm, Rn",,0010 nnnn mmmm 1110,"Unsigned, Rn × Rm ? MAC",Rn,Rm,,,,,,,,,,,,,,INC,,,,,,,EX,NOT STALL,MULUW,Y,XBUS,YBUS,,,,,,,,,,,,,,,
A.32,mn,1,"NEG Rm, Rn",,0110 nnnn mmmm 1011,0–Rm?Rn,0,Rm,,,ARITH,,SUB,,,,,,,Rn,,INC,,,,,,,,,,,,,,,,,,,,,,,,,,,
A.32,mn,1,"NEGC Rm, Rn",,0110 nnnn mmmm 1010,"0–Rm–T ? Rn, borrow ?T",0,Rm,,,ARITH,CARRY,SUB,,1,,,,,Rn,,INC,,,,,,,,,,,,,,,,,,,,,,,,,,,
A.32,mn,1,"NOT Rm, Rn",,0110 nnnn mmmm 0111,~Rm?Rn,0,Rm,,,LOGIC,,,,,NOT,,,,Rn,,INC,,,,,,,,,,,,,,,,,,,,,,,,,,,
A.32,mn,1,"OR Rm, Rn",,0010 nnnn mmmm 1011,Rn | Rm? Rn,Rn,Rm,,,LOGIC,,,,,OR,,,,Rn,,INC,,,,,,,,,,,,,,,,,,,,,,,,,,,
A.32,mn,1,"SUB Rm, Rn",,0011 nnnn mmmm 1000,Rn – Rm ?Rn,Rn,Rm,,,ARITH,,SUB,,,,,,,Rn,,INC,,,,,,,,,,,,,,,,,,,,,,,,,,,
A.32,mn,1,"SUBC Rm, Rn",,0011 nnnn mmmm 1010,"Rn – Rm–T ?Rn, borrow ? T",Rn,Rm,,,ARITH,CARRY,SUB,,1,,,,,Rn,,INC,,,,,,,,,,,,,,,,,,,,,,,,,,,
A.32,mn,1,"SUBV Rm, Rn",,0011 nnnn mmmm 1011,"Rn – Rm ? Rn, underflow ?T",Rn,Rm,,,ARITH,ARITH,SUB,OVERUNDERFLOW,,,,,,Rn,,INC,,,,,,,,,,,,,,,,,,,,,,,,,,,
A.32,mn,1,"SWAP.B Rm, Rn",,0110 nnnn mmmm 1000,Rm ? Swap upper and lower halves of lower 2 bytes ? Rn,,Rm,,,MANIP,,,,,,,,swapb,Rn,,INC,,,,,,,,,,,,,,,,,,,,,,,,,,,
A.32,mn,1,"SWAP.W Rm, Rn",,0110 nnnn mmmm 1001,Rm ? Swap upper and lower word ? Rn,,Rm,,,MANIP,,,,,,,,swapw,Rn,,INC,,,,,,,,,,,,,,,,,,,,,,,,,,,
A.32,mn,1,"TST Rm, Rn",,0010 nnnn mmmm 1000,"Rn & Rm, when result is 0, 1 ? T",Rn,Rm,,,,LOGIC,,,,AND,ZERO,,,,,INC,,,,,,,,,,,,,,,,,,,,,,,,,,,
A.32,mn,1,"XOR Rm, Rn",,0010 nnnn mmmm 1010,Rn ^ Rm? Rn,Rn,Rm,,,LOGIC,,,,,XOR,,,,Rn,,INC,,,,,,,,,,,,,,,,,,,,,,,,,,,
A.32,mn,1,"XTRACT Rm, Rn ",,0010 nnnn mmmm 1101,Centre 32 bits of Rm and Rn ? Rn,Rn,Rm,,,MANIP,,,,,,,,xtract,Rn,,INC,,,,,,,,,,,,,,,,,,,,,,,,,,,
,,,,,,,,,,,,,,,,,,,,,,,,,,,,,,,,,,,,,,,,,,,,,,,,,
,mn,1,"SHAD Rm, Rn",,0100 nnnn mmmm 1100,,Rn,Rm,,,SHIFT,,,,,,,shifta,,Rn,,INC,,,,,,,,,,,,,,,,,,,,,,,,,,,
,mn,1,"SHLD Rm, Rn",,0100 nnnn mmmm 1101,,Rn,Rm,,,SHIFT,,,,,,,shiftl,,Rn,,INC,,,,,,,,,,,,,,,,,,,,,,,,,,,
,,,,,,,,,,,,,,,,,,,,,,,,,,,,,,,,,,,,,,,,,,,,,,,,,
A.33,nm,1,"MOV.B Rm, @Rn",,0010 nnnn mmmm 0000,Rm ? (Rn),Rn,Rm,,0,ARITH,,ADD,,,,,,,,,INC,,,,,,,,,,,,,,,,,,,WRITE,,8,YBUS,ZBUS,,,,
A.33,nm,1,"MOV.W Rm, @Rn",,0010 nnnn mmmm 0001,Rm ? (Rn),Rn,Rm,,0,ARITH,,ADD,,,,,,,,,INC,,,,,,,,,,,,,,,,,,,WRITE,,16,YBUS,ZBUS,,,,
A.33,nm,1,"MOV.L Rm, @Rn",,0010 nnnn mmmm 0010,Rm ? (Rn),Rn,Rm,,0,ARITH,,ADD,,,,,,,,,INC,,,,,,,,,,,,,,,,,,,WRITE,,32,YBUS,ZBUS,,,,
A.33,nm,1,"MOV.B @Rm, Rn",,0110 nnnn mmmm 0000,(Rm) ? sign extension ? Rn,,Rm,,,Y,,,,,,,,,,Rn,INC,,,,,,,,,,,,,,,,,,,READ,,8,,ZBUS,,,,
A.33,nm,1,"MOV.W @Rm, Rn",,0110 nnnn mmmm 0001,(Rm) ? sign extension ? Rn,,Rm,,,Y,,,,,,,,,,Rn,INC,,,,,,,,,,,,,,,,,,,READ,,16,,ZBUS,,,,
A.33,nm,1,"MOV.L @Rm, Rn",,0110 nnnn mmmm 0010,(Rm)? Rn,,Rm,,,Y,,,,,,,,,,Rn,INC,,,,,,,,,,,,,,,,,,,READ,,32,,ZBUS,,,,
,,,,,,,,,,,,,,,,,,,,,,,,,,,,,,,,,,,,,,,,,,,,,,,,,
A.34,nm,2,"MAC.L @Rm+, @Rn+",,0000 nnnn mmmm 1111,"Signed, (Rn) × (Rm) + MAC ? MAC",Rn,,,4,ARITH,,ADD,,,,,,,Rn,,HOLD,,,,,,,WB,,,,WBUS,,,,,,,,READ,,32,,XBUS,,,,
,,,"MAC.L @Rm+, @Rn+",,0000 nnnn mmmm 1111,,Rm,,,4,ARITH,,ADD,,,,,,,Rm,,HOLD,,1,,,,,WB,BUSY,MACL,,,WBUS,,,,,,,READ,,32,,XBUS,,,,
,,,"MAC.L @Rm+, @Rn+",,0000 nnnn mmmm 1111,,,,,,,,,,,,,,,,,INC,,,,,,,,BUSY,,,,,,,,,,,,,,,,,,,
A.34,nm,2,"MAC.W @Rm+, @Rn+",,0100 nnnn mmmm 1111,"Signed, (Rn) × (Rm) + MAC ? MAC",Rn,,,2,ARITH,,ADD,,,,,,,Rn,,HOLD,,,,,,,WB,,,,WBUS,,,,,,,,READ,,16,,XBUS,,,,
,,,"MAC.W @Rm+, @Rn+",,0100 nnnn mmmm 1111,,Rm,,,2,ARITH,,ADD,,,,,,,Rm,,INC,,1,,,,,WB,BUSY,MACW,,,WBUS,,,,,,,READ,,16,,XBUS,,,,
,,,,,,,,,,,,,,,,,,,,,,,,,,,,,,,,,,,,,,,,,,,,,,,,,
A.35,nm,2,"MOV.B @Rm+, Rn",,0110 nnnn mmmm 0100,"(Rm) ? sign extension ? Rn, Rm +1 ?Rm",Rm,,,1,ARITH,,ADD,,,,,,,Rm,,HOLD,,,,,,,,,,,,,,,,,,,,,,,,,,,
,,,"MOV.B @Rm+, Rn",,0110 nnnn mmmm 0100,,Rm,,,1,ARITH,,SUB,,,,,,,,Rn,INC,,,,,,,,,,,,,,,,,,,READ,,8,,ZBUS,,,,
A.35,nm,2,"MOV.W @Rm+, Rn",,0110 nnnn mmmm 0101,"(Rm) ? sign extension ? Rn, Rm +2 ?Rm",Rm,,,2,ARITH,,ADD,,,,,,,Rm,,HOLD,,,,,,,,,,,,,,,,,,,,,,,,,,,
,,,"MOV.W @Rm+, Rn",,0110 nnnn mmmm 0101,,Rm,,,2,ARITH,,SUB,,,,,,,,Rn,INC,,,,,,,,,,,,,,,,,,,READ,,16,,ZBUS,,,,
A.35,nm,2,"MOV.L @Rm+, Rn",,0110 nnnn mmmm 0110,"(Rm) ? Rn, Rm + 4 ? Rm",Rm,,,4,ARITH,,ADD,,,,,,,Rm,,HOLD,,,,,,,,,,,,,,,,,,,,,,,,,,,
,,,"MOV.L @Rm+, Rn",,0110 nnnn mmmm 0110,,Rm,,,4,ARITH,,SUB,,,,,,,,Rn,INC,,,,,,,,,,,,,,,,,,,READ,,32,,ZBUS,,,,
,,,,,,,,,,,,,,,,,,,,,,,,,,,,,,,,,,,,,,,,,,,,,,,,,
A.36,nm,1,"MOV.B Rm,@–Rn",,0010 nnnn mmmm 0100,"Rn – 1 ? Rn, Rm ? (Rn)",Rn,Rm,,1,ARITH,,SUB,,,,,,,Rn,,INC,,,,,,,,,,,,,,,,,,,WRITE,,8,YBUS,ZBUS,,,,
A.36,nm,1,"MOV.W Rm,@–Rn",,0010 nnnn mmmm 0101,"Rn – 2 ? Rn, Rm ? (Rn)",Rn,Rm,,2,ARITH,,SUB,,,,,,,Rn,,INC,,,,,,,,,,,,,,,,,,,WRITE,,16,YBUS,ZBUS,,,,
A.36,nm,1,"MOV.L Rm,@–Rn",,0010 nnnn mmmm 0110,"Rn – 4 ? Rn, Rm ? (Rn)",Rn,Rm,,4,ARITH,,SUB,,,,,,,Rn,,INC,,,,,,,,,,,,,,,,,,,WRITE,,32,YBUS,ZBUS,,,,
,,,,,,,,,,,,,,,,,,,,,,,,,,,,,,,,,,,,,,,,,,,,,,,,,
A.37,nm,1,"MOV.B Rm, @(R0, Rn)",,0000 nnnn mmmm 0100,Rm?(R0 +Rn),Rn,Rm,,R0,ARITH,,ADD,,,,,,,,,INC,,,,,,,,,,,,,,,,,,,WRITE,,8,YBUS,ZBUS,,,,
A.37,nm,1,"MOV.W Rm, @(R0, Rn)",,0000 nnnn mmmm 0101,Rm?(R0 +Rn),Rn,Rm,,R0,ARITH,,ADD,,,,,,,,,INC,,,,,,,,,,,,,,,,,,,WRITE,,16,YBUS,ZBUS,,,,
A.37,nm,1,"MOV.L Rm, @(R0, Rn)",,0000 nnnn mmmm 0110,Rm?(R0 +Rn),Rn,Rm,,R0,ARITH,,ADD,,,,,,,,,INC,,,,,,,,,,,,,,,,,,,WRITE,,32,YBUS,ZBUS,,,,
A.37,nm,1,"MOV.B @(R0, Rm), Rn",,0000 nnnn mmmm 1100,(R0 +Rm)?sign extension ? Rn,Rm,,,R0,ARITH,,ADD,,,,,,,,Rn,INC,,,,,,,,,,,,,,,,,,,READ,,8,,ZBUS,,,,
A.37,nm,1,"MOV.W @(R0, Rm), Rn",,0000 nnnn mmmm 1101,(R0 +Rm)?sign extension ? Rn,Rm,,,R0,ARITH,,ADD,,,,,,,,Rn,INC,,,,,,,,,,,,,,,,,,,READ,,16,,ZBUS,,,,
A.37,nm,1,"MOV.L @(R0, Rm), Rn",,0000 nnnn mmmm 1110,(R0 +Rm)? Rn,Rm,,,R0,ARITH,,ADD,,,,,,,,Rn,INC,,,,,,,,,,,,,,,,,,,READ,,32,,ZBUS,,,,
,,,,,,,,,,,,,,,,,,,,,,,,,,,,,,,,,,,,,,,,,,,,,,,,,
A.38,md,1,"MOV.B @(disp, Rm), R0",,1000 0100 mmmm dddd,(disp + Rm) ? sign extension ? R0,Rm,,,U,ARITH,,ADD,,,,,,,,R0,INC,,,,,,,,,,,,,,,,,,,READ,,8,,ZBUS,,,,
A.38,md,1,"MOV.W @(disp, Rm), R0",,1000 0101 mmmm dddd,(disp ×2 +Rm)? sign extension ? R0,Rm,,,U*2,ARITH,,ADD,,,,,,,,R0,INC,,,,,,,,,,,,,,,,,,,READ,,16,,ZBUS,,,,
,,,,,,,,,,,,,,,,,,,,,,,,,,,,,,,,,,,,,,,,,,,,,,,,,
A.39,nd4,1,"MOV.B R0, @(disp, Rn)",,1000 0000 nnnn dddd,R0 ? (disp + Rn),Rn,R0,,U,ARITH,,ADD,,,,,,,,,INC,,,,,,,,,,,,,,,,,,,WRITE,,8,YBUS,ZBUS,,,,
A.39,nd4,1,"MOV.W R0, @(disp, Rn)",,1000 0001 nnnn dddd,R0 ? (disp × 2+ Rn),Rn,R0,,U*2,ARITH,,ADD,,,,,,,,,INC,,,,,,,,,,,,,,,,,,,WRITE,,16,YBUS,ZBUS,,,,
,,,,,,,,,,,,,,,,,,,,,,,,,,,,,,,,,,,,,,,,,,,,,,,,,
A.40,nmd,1,"MOV.L Rm, @(disp, Rn)",,0001 nnnn mmmm dddd,Rm ? (disp × 4 + Rn),Rn,Rm,,U*4,ARITH,,ADD,,,,,,,,,INC,,,,,,,,,,,,,,,,,,,WRITE,,32,YBUS,ZBUS,,,,
A.40,nmd,1,"MOV.L @(disp, Rm), Rn",,0101 nnnn mmmm dddd,(disp × 4+ Rm) ? Rn,Rm,,,U*4,ARITH,,ADD,,,,,,,,Rn,INC,,,,,,,,,,,,,,,,,,,READ,,32,,ZBUS,,,,
,,,,,,,,,,,,,,,,,,,,,,,,,,,,,,,,,,,,,,,,,,,,,,,,,
A.41,d8,1,"MOV.B R0, @(disp, GBR)",,1100 0000 dddd dddd,R0? (disp + GBR),GBR,R0,,U,ARITH,,ADD,,,,,,,,,INC,,,,,,,,,,,,,,,,,,,WRITE,,8,YBUS,ZBUS,,,,
A.41,d8,1,"MOV.W R0, @(disp, GBR)",,1100 0001 dddd dddd,R0? (disp ×2 + GBR),GBR,R0,,U*2,ARITH,,ADD,,,,,,,,,INC,,,,,,,,,,,,,,,,,,,WRITE,,16,YBUS,ZBUS,,,,
A.41,d8,1,"MOV.L R0, @(disp, GBR)",,1100 0010 dddd dddd,R0? (disp ×4 + GBR),GBR,R0,,U*4,ARITH,,ADD,,,,,,,,,INC,,,,,,,,,,,,,,,,,,,WRITE,,32,YBUS,ZBUS,,,,
A.41,d8,1,"MOV.B @(disp, GBR), R0",,1100 0100 dddd dddd,(disp + GBR) ? sign extension ? R0,GBR,,,U,ARITH,,ADD,,,,,,,,R0,INC,,,,,,,,,,,,,,,,,,,READ,,8,,ZBUS,,,,
A.41,d8,1,"MOV.W @(disp, GBR), R0",,1100 0101 dddd dddd,(disp x2 + GBR) ? sign extension ? R0,GBR,,,U*2,ARITH,,ADD,,,,,,,,R0,INC,,,,,,,,,,,,,,,,,,,READ,,16,,ZBUS,,,,
A.41,d8,1,"MOV.L @(disp, GBR), R0",,1100 0110 dddd dddd,(disp  x4+ GBR) ? sign extension ? R0,GBR,,,U*4,ARITH,,ADD,,,,,,,,R0,INC,,,,,,,,,,,,,,,,,,,READ,,32,,ZBUS,,,,
,,,,,,,,,,,,,,,,,,,,,,,,,,,,,,,,,,,,,,,,,,,,,,,,,
A.42,d8,1,"MOVA @(disp, PC), R0",,1100 0111 dddd dddd,disp × 4 + PC ? R0,PC,U*4,FC,,ARITH,,ADD,,,,,,,R0,,INC,,,,,,,,,,,,,,,,,,,,,,,,,,,
,,,,,,,,,,,,,,,,,,,,,,,,,,,,,,,,,,,,,,,,,,,,,,,,,
A.43,d8,3,BF label,,1000 1011 dddd dddd,"When T=0, disp ×2+PC? PC; When T = 1, nop",PC,S*2,,,ARITH,,ADD,,,,,,,NT(PC),,INC,,,,YES,T,,,,,,,,,,,,,,,,,,,,,,
,,,BF label,,1000 1011 dddd dddd,,,,,,,,,,,,,,,,,HOLD,ZBUS,,,YES,,,,,,,,,,,,,,,,,,,,,,,
,,,BF label,,1000 1011 dddd dddd,,,,,,,,,,,,,,,,,INC,,,,YES,YES,,,,,,,,,,,,,,,,,,,,,,
A.43,d8,2,BF /S label,,1000 1111 dddd dddd,"When T=0, disp ×2+PC? PC; When T = 1, nop",PC,S*2,,,ARITH,,ADD,,,,,,,NT(PC),,INC,,,,T,T,,,,,,,,,,,,,,,,,,,,,,
,,,BF /S label,,1000 1111 dddd dddd,,,,,,,,,,,,,,,,,HOLD,ZBUS,,,YES,YES,,,,,,,,,,,,SET,,,,,,,,,,
A.43,d8,3,BT label,,1000 1001 dddd dddd,"When T=1, disp ×2+PC? PC; When T = 0, nop",PC,S*2,,,ARITH,,ADD,,,,,,,T(PC),,INC,,,,YES,NT,,,,,,,,,,,,,,,,,,,,,,
,,,BT label,,1000 1001 dddd dddd,,,,,,,,,,,,,,,,,HOLD,ZBUS,,,YES,,,,,,,,,,,,,,,,,,,,,,,
,,,BT label,,1000 1001 dddd dddd,,,,,,,,,,,,,,,,,INC,,,,YES,YES,,,,,,,,,,,,,,,,,,,,,,
A.43,d8,2,BT /S label,,1000 1101 dddd dddd,"When T=1, disp ×2+PC? PC; When T = 0, nop",PC,S*2,,,ARITH,,ADD,,,,,,,T(PC),,INC,,,,NT,NT,,,,,,,,,,,,,,,,,,,,,,
,,,BT /S label,,1000 1101 dddd dddd,,,,,,,,,,,,,,,,,HOLD,ZBUS,,,YES,YES,,,,,,,,,,,,SET,,,,,,,,,,
A.44,d12,2,BRA label,,1010 dddd dddd dddd,"Delayed branch, disp × 2+ PC ? PC",PC,S*2,,,ARITH,,ADD,,,,,,,PC,,INC,,,,,,,,,,,,,,,,,,,,,,,,,,,
,,,BRA label,,1010 dddd dddd dddd,,,,,,,,,,,,,,,,,HOLD,ZBUS,,,,,,,,,,,,,,,,SET,,,,,,,,,,
A.44,d12,2,BSR label,,1011 dddd dddd dddd,"Delayed branching, PC ? PR, disp × 2 + PC ? PC",PC,S*2,,,ARITH,,ADD,,,,,,,PC,,INC,,,RD PC,,,,,,,,,,,,,,,,,,,,,,,,
,,,BSR label,,1011 dddd dddd dddd,,,,,,,,,,,,,,,,,HOLD,ZBUS,,,,,,,,,,,,,,,,SET,,,,,,,,,,
,,,,,,,,,,,,,,,,,,,,,,,,,,,,,,,,,,,,,,,,,,,,,,,,,
A.45,nd8,1,"MOV.W @(disp, PC), Rn",,1001 nnnn dddd dddd,(disp × 2 + PC) ? sign extension ? Rn,PC,U*2,,,ARITH,,ADD,,,,,,,,Rn,INC,,,,,,,,,,,,,,,,,,,READ,,16,,ZBUS,,,,
A.45,nd8,1,"MOV.L @(disp, PC), Rn",,1101 nnnn dddd dddd,(disp × 4 + PC) ? Rn,PC,U*4,FC,,ARITH,,ADD,,,,,,,,Rn,INC,,,,,,,,,,,,,,,,,,,READ,,32,,ZBUS,,,,
,,,,,,,,,,,,,,,,,,,,,,,,,,,,,,,,,,,,,,,,,,,,,,,,,
A.46,i8,3,"AND.B #imm, @(R0, GBR)",,1100 1101 iiii iiii,(R0 + GBR) & imm ? (R0 + GBR),GBR,R0,,,ARITH,,ADD,,,,,,,,TEMP1,HOLD,,,,,,,,,,,,,,,,,,,READ,,8,,ZBUS,,,,
,,,"AND.B #imm, @(R0, GBR)",,1100 1101 iiii iiii,,GBR,R0,,,ARITH,,ADD,,,,,,,TEMP0,,HOLD,,,,,,,,,,,,,,,,,,,,,,,,,,,
,,,"AND.B #imm, @(R0, GBR)",,1100 1101 iiii iiii,,TEMP1,TEMP0,,U,LOGIC,,,,,AND,,,,,,INC,,,,,,,,,,,,,,,,,,,WRITE,,8,ZBUS,YBUS,,,,
A.46,i8,3,"OR.B #imm, @(R0, GBR)",,1100 1111 iiii iiii,(R0 + GBR) | imm ? (R0 + GBR),GBR,R0,,,ARITH,,ADD,,,,,,,,TEMP1,HOLD,,,,,,,,,,,,,,,,,,,READ,,8,,ZBUS,,,,
,,,"OR.B #imm, @(R0, GBR)",,1100 1111 iiii iiii,,GBR,R0,,,ARITH,,ADD,,,,,,,TEMP0,,HOLD,,,,,,,,,,,,,,,,,,,,,,,,,,,
,,,"OR.B #imm, @(R0, GBR)",,1100 1111 iiii iiii,,TEMP1,TEMP0,,U,LOGIC,,,,,OR,,,,,,INC,,,,,,,,,,,,,,,,,,,WRITE,,8,ZBUS,YBUS,,,,
A.46,i8,3,"TST.B #imm, @(R0, GBR)",,1100 1100 iiii iiii,"(R0 + GBR) & imm, when result is 0, 1 ? T",GBR,R0,,,ARITH,,ADD,,,,,,,,TEMP1,HOLD,,,,,,,,,,,,,,,,,,,READ,,8,,ZBUS,,,,
,,,"TST.B #imm, @(R0, GBR)",,1100 1100 iiii iiii,,,,,,,,,,,,,,,,,HOLD,,,,,,,,,,,,,,,,,,,,,,,,,,,
,,,"TST.B #imm, @(R0, GBR)",,1100 1100 iiii iiii,,TEMP1,,,U,,LOGIC,,,,AND,ZERO,,,,,INC,,,,,,,,,,,,,,,,,,,,,,,,,,,
A.46,i8,3,"XOR.B #imm, @(R0, GBR)",,1100 1110 iiii iiii,(R0 + GBR) ^ imm ? (R0 + GBR),GBR,R0,,,ARITH,,ADD,,,,,,,,TEMP1,HOLD,,,,,,,,,,,,,,,,,,,READ,,8,,ZBUS,,,,
,,,"XOR.B #imm, @(R0, GBR)",,1100 1110 iiii iiii,,GBR,R0,,,ARITH,,ADD,,,,,,,TEMP0,,HOLD,,,,,,,,,,,,,,,,,,,,,,,,,,,
,,,"XOR.B #imm, @(R0, GBR)",,1100 1110 iiii iiii,,TEMP1,TEMP0,,U,LOGIC,,,,,XOR,,,,,,INC,,,,,,,,,,,,,,,,,,,WRITE,,8,ZBUS,YBUS,,,,
,,,,,,,,,,,,,,,,,,,,,,,,,,,,,,,,,,,,,,,,,,,,,,,,,
A.47,i8,1,"AND #imm, R0",,1100 1001 iiii iiii,R0 & imm?R0,R0,U,,,LOGIC,,,,,AND,,,,R0,,INC,,,,,,,,,,,,,,,,,,,,,,,,,,,
A.47,i8,1,"CMP /EQ #imm, R0",,1000 1000 iiii iiii,"When R0=imm,1?T",R0,S,,,,LOGIC,,,,XOR,ZERO,,,,,INC,,,,,,,,,,,,,,,,,,,,,,,,,,,
A.47,i8,1,"OR #imm, R0",,1100 1011 iiii iiii,R0 | imm?R0,R0,U,,,LOGIC,,,,,OR,,,,R0,,INC,,,,,,,,,,,,,,,,,,,,,,,,,,,
A.47,i8,1,"TST #imm, R0",,1100 1000 iiii iiii,"R0 & imm, when result is 0, 1 ? T",R0,U,,,,LOGIC,,,,AND,ZERO,,,,,INC,,,,,,,,,,,,,,,,,,,,,,,,,,,
A.47,i8,1,"XOR #imm, R0",,1100 1010 iiii iiii ,R0 ^ imm?R0,R0,U,,,LOGIC,,,,,XOR,,,,R0,,INC,,,,,,,,,,,,,,,,,,,,,,,,,,,
,,,,,,,,,,,,,,,,,,,,,,,,,,,,,,,,,,,,,,,,,,,,,,,,,
A.48,i8,8,TRAPA #imm,,1100 0011 iiii iiii ,"PC/SR ? Stack area, (imm × 4 + VBR) ? PC",R15,SR,,4,ARITH,,SUB,,,,,,,R15,,HOLD,,,,,,,,,,,,,,,,,,,WRITE,,32,YBUS,ZBUS,,,,
,,,TRAPA #imm,,1100 0011 iiii iiii ,,R15,PC,,4,ARITH,,SUB,,,,,,,R15,,HOLD,,,,,,,,,,,,,,,,,,,WRITE,,32,YBUS,ZBUS,,,,
,,,TRAPA #imm,,1100 0011 iiii iiii ,,U*4,VBR,,,ARITH,,ADD,,,,,,,,,HOLD,,,,,,,,,,,,,,,,,,,READ,,32,,ZBUS,,,,
,,,TRAPA #imm,,1100 0011 iiii iiii ,,,,,,,,,,,,,,,,,HOLD,,,,,,,,,,,,,,,,,,,,,,,,,,,
,,,TRAPA #imm,,1100 0011 iiii iiii ,,,,,,W,,,,,,,,,PC,,HOLD,,,,,,,,,,,,,,,,,,,,,,,,,,,
,,,TRAPA #imm,,1100 0011 iiii iiii ,,,,,,,,,,,,,,,,,HOLD,ZBUS,,,YES,,,,,,,,,,,,,,,,,,,,,,,
,,,TRAPA #imm,,1100 0011 iiii iiii ,,,,,,,,,,,,,,,,,INC,,,,YES,YES,,,,,,,,,,,,,,,,,,,,,,
A.49,ni,1,"ADD #imm, Rn",,0111 nnnn iiii iiii,Rn + imm ? Rn,Rn,S,,,ARITH,,ADD,,,,,,,Rn,,INC,,,,,,,,,,,,,,,,,,,,,,,,,,,
A.49,ni,1,"MOV #imm, Rn",,1110 nnnn iiii iiii,imm ? sign extension ? Rn,,S,,,Y,,,,,,,,,Rn,,INC,,,,,,,,,,,,,,,,,,,,,,,,,,,
,,,,,,,,,,,,,,,,,,,,,,,,,,,,,,,,,,,,,,,,,,,,,,,,,
,d8,,General Illegal,system,---- -111 dddd dddd,,PC,,,2,ARITH,,SUB,,,,,,,PC,,HOLD,,,,,,,,,,,,,,,,,,,,,,,,,,,
,,,General Illegal,system,---- -111 dddd dddd,,R15,SR,,4,ARITH,,SUB,,,,,,,R15,,HOLD,,,,,,,,,,,,,,,,,,,WRITE,,32,YBUS,ZBUS,,,,
,,,General Illegal,system,---- -111 dddd dddd,,R15,PC,,4,ARITH,,SUB,,,,,,,R15,,HOLD,,,,,,,,,,,,,,,,,,,WRITE,,32,YBUS,ZBUS,,,,
,,,General Illegal,system,---- -111 dddd dddd,,U*4,VBR,,,ARITH,,ADD,,,,,,,,,HOLD,,,,,,,,,,,,,,,,,,,READ,,32,,ZBUS,,,,
,,,General Illegal,system,---- -111 dddd dddd,,,,,,,,,,,,,,,,,HOLD,,,,,,,,,,,,,,,,,,,,,,,,,,,
,,,General Illegal,system,---- -111 dddd dddd,,,,,,W,,,,,,,,,PC,,HOLD,,,,,,,,,,,,,,,,,,,,,,,,,,,
,,,General Illegal,system,---- -111 dddd dddd,,,,,,,,,,,,,,,,,HOLD,ZBUS,,,YES,,,,,,,,,,,,,,,,,,,,,,,
,,,General Illegal,system,---- -111 dddd dddd,,,,,,,,,,,,,,,,,INC,,,,YES,YES,,,,,,,,,,,,,,,,,,,,,,
,,,,,,,,,,,,,,,,,,,,,,,,,,,,,,,,,,,,,,,,,,,,,,,,,
,d8,,Slot Illegal,system,---- -110 dddd dddd,,PC,,,0,ARITH,,ADD,,,,,,,PC,,HOLD,,,,,,,,,,,,,,,,,,,,,,,,,,,
,,,Slot Illegal,system,---- -110 dddd dddd,,R15,SR,,4,ARITH,,SUB,,,,,,,R15,,HOLD,,,,,,,,,,,,,,,,,,,WRITE,,32,YBUS,ZBUS,,,,
,,,Slot Illegal,system,---- -110 dddd dddd,,R15,PC,,4,ARITH,,SUB,,,,,,,R15,,HOLD,,,,,,,,,,,,,,,,,,,WRITE,,32,YBUS,ZBUS,,,,
,,,Slot Illegal,system,---- -110 dddd dddd,,U*4,VBR,,,ARITH,,ADD,,,,,,,,,HOLD,,,,,,,,,,,,,,,,,,,READ,,32,,ZBUS,,,,
,,,Slot Illegal,system,---- -110 dddd dddd,,,,,,,,,,,,,,,,,HOLD,,,,,,,,,,,,,,,,,,,,,,,,,,,
,,,Slot Illegal,system,---- -110 dddd dddd,,,,,,W,,,,,,,,,PC,,HOLD,,,,,,,,,,,,,,,,,,,,,,,,,,,
,,,Slot Illegal,system,---- -110 dddd dddd,,,,,,,,,,,,,,,,,HOLD,ZBUS,,,YES,,,,,,,,,,,,,,,,,,,,,,,
,,,Slot Illegal,system,---- -110 dddd dddd,,,,,,,,,,,,,,,,,INC,,,,YES,YES,,,,,,,,,,,,,,,,,,,,,,
,,,,,,,,,,,,,,,,,,,,,,,,,,,,,,,,,,,,,,,,,,,,,,,,,
,d8,,Reset CPU,system,---- -011 dddd dddd,,,,,,,,,,,,,,,,,HOLD,,,,,,,,,,,,,,,,,,,,,,,,,,,
,,,Reset CPU,system,---- -011 dddd dddd,,,,,,,,,,,,,,,,,HOLD,,,,,,,,,,,,,,,ack,,,,,,,,,,,,
,,,Reset CPU,system,---- -011 dddd dddd,,,U*4,,,Y,,,,,,,,,TEMP0,,HOLD,,,,,,,,,,,,,,,,,,,READ,,32,,ZBUS,,,,
,,,Reset CPU,system,---- -011 dddd dddd,,TEMP0,,,4,ARITH,,ADD,,,,,,,,R15,HOLD,,,,,,,,,,,,,,,,,,,READ,,32,,ZBUS,,,,
,,,Reset CPU,system,---- -011 dddd dddd,,,,,,W,,,,,,,,,PC,,HOLD,,,,,,,,,,,,,,,,,,,,,,,,,,,
,,,Reset CPU,system,---- -011 dddd dddd,,TEMP1,TEMP1,,,LOGIC,,,,,XOR,,,,VBR,,HOLD,ZBUS,,,YES,,,,,,,,,,,,,,,,,,,,,,,
,,,Reset CPU,system,---- -011 dddd dddd,,,,,,,,,,,,,,,,,INC,,,,YES,YES,,,,,,,,,,,,,,,,,,,,,,
,,,,,,,,,,,,,,,,,,,,,,,,,,,,,,,,,,,,,,,,,,,,,,,,,
,d8,,Interrupt,system,---- -000 dddd dddd,,PC,,,2,ARITH,,SUB,,,,,,,PC,,HOLD,,,,,,,,,,,,,,,ack,,,Y,,,,,,,,,
,,,Interrupt,system,---- -000 dddd dddd,,R15,,FC,0,ARITH,,ADD,,,,,,,TEMP0,,HOLD,,,,,,,,,,,,,,,,,,,,,,,,,,,
,,,Interrupt,system,---- -000 dddd dddd,,TEMP0,SR,,4,ARITH,,SUB,,,,,,,TEMP0,,HOLD,,,,,,,,,,,,,,,,,,,WRITE,,32,YBUS,ZBUS,,,,
,,,Interrupt,system,---- -000 dddd dddd,,TEMP0,PC,,4,ARITH,,SUB,,,,,,,TEMP0,,HOLD,,,,,,,,,,,,,,,,,,,WRITE,,32,YBUS,ZBUS,,,,
,,,Interrupt,system,---- -000 dddd dddd,,VBR,U*4,,,ARITH,,ADD,,,,,,,,,HOLD,,,,,,,,,,,,,,,,,,,READ,,32,,ZBUS,,,,
,,,Interrupt,system,---- -000 dddd dddd,,R15,,,4,ARITH,INT_MASK,SUB,,,,,,,R15,,HOLD,,,,,,,,,,,,,,,,,,,,,,,,,,,
,,,Interrupt,system,---- -000 dddd dddd,,,,,,W,,,,,,,,,PC,,HOLD,,,,,,,,,,,,,,,,,,,,,,,,,,,
,,,Interrupt,system,---- -000 dddd dddd,,R15,,,4,ARITH,,SUB,,,,,,,R15,,HOLD,ZBUS,,,YES,,,,,,,,,,,,,,,,,,,,,,,
,,,Interrupt,system,---- -000 dddd dddd,,,,,,,,,,,,,,,,,INC,,,,,,,,,,,,,,,,,,,,,,,,,,,
,,,,,,,,,,,,,,,,,,,,,,,,,,,,,,,,,,,,,,,,,,,,,,,,,
,d8,,Error,system,---- -001 dddd dddd,,PC,,,2,ARITH,,SUB,,,,,,,PC,,HOLD,,,,,,,,,,,,,,,ack,,,Y,,,,,,,,,
,,,Error,system,---- -001 dddd dddd,,R15,,FC,0,ARITH,,ADD,,,,,,,TEMP0,,HOLD,,,,,,,,,,,,,,,,,,,,,,,,,,,
,,,Error,system,---- -001 dddd dddd,,TEMP0,SR,,4,ARITH,,SUB,,,,,,,TEMP0,,HOLD,,,,,,,,,,,,,,,,,,,WRITE,,32,YBUS,ZBUS,,,,
,,,Error,system,---- -001 dddd dddd,,TEMP0,PC,,4,ARITH,,SUB,,,,,,,TEMP0,,HOLD,,,,,,,,,,,,,,,,,,,WRITE,,32,YBUS,ZBUS,,,,
,,,Error,system,---- -001 dddd dddd,,VBR,U*4,,,ARITH,,ADD,,,,,,,,,HOLD,,,,,,,,,,,,,,,,,,,READ,,32,,ZBUS,,,,
,,,Error,system,---- -001 dddd dddd,,R15,,,4,ARITH,,SUB,,,,,,,R15,,HOLD,,,,,,,,,,,,,,,,,,,,,,,,,,,
,,,Error,system,---- -001 dddd dddd,,,,,,W,,,,,,,,,PC,,HOLD,,,,,,,,,,,,,,,,,,,,,,,,,,,
,,,Error,system,---- -001 dddd dddd,,R15,,,4,ARITH,,SUB,,,,,,,R15,,HOLD,ZBUS,,,YES,,,,,,,,,,,,,,,,,,,,,,,
,,,Error,system,---- -001 dddd dddd,,,,,,,,,,,,,,,,,INC,,,,,,,,,,,,,,,,,,,,,,,,,,,
,,,,,,,,,,,,,,,,,,,,,,,,,,,,,,,,,,,,,,,,,,,,,,,,,
,,,Break,system,---- -010 dddd dddd,,,,,,,,,,,,,,,,,HOLD,,,,,,,,,,,,,,,,,,,,,,,,,,,
,,,Break,system,---- -010 dddd dddd,,PC,,,2,ARITH,,SUB,,,,,,,PC,,HOLD,,,,,,YES,,,,,,,,,,,,,,,,,,,,,
,,,Break,system,---- -010 dddd dddd,,,,,,,,,,,,,,,,,HOLD,ZBUS,,,YES,,,,,,,,,,,,,,,,,,,,,,,
,,,Break,system,---- -010 dddd dddd,,,,,,,,,,,,,,,,,INC,,,,YES,YES,,,,,,,,,,,,,,,,,,,,,,
